said,724
bounderby,468
one,285
gradgrind,284
upon,279
would,273
know,272
sparsit,260
louisa,228
never,212
tom,203
sir,202
little,198
could,195
man,174
say,173
time,166
stephen,166
much,162
come,162
father,154
like,153
face,150
old,147
good,147
made,146
returned,141
hand,141
see,140
head,134
sissy,130
way,127
went,127
rachael,125
young,125
harthouse,125
may,124
away,123
night,123
ever,117
go,114
well,113
might,112
eyes,110
think,109
coketown,105
better,104
great,104
tell,103
last,102
long,102
looked,102
nothing,100
dear,99
must,98
yet,97
back,96
take,96
people,95
another,95
mind,95
though,95
make,94
two,94
lady,90
always,89
look,87
woman,87
got,86
room,85
came,84
knew,83
anything,83
without,82
quite,81
every,81
put,80
took,80
day,79
life,78
going,78
many,78
shall,77
manner,77
still,77
first,77
get,77
stood,77
house,77
thought,77
let,75
looking,75
left,75
even,74
seen,74
chapter,74
saw,72
hands,71
right,70
door,69
fact,68
heard,68
town,68
hear,68
sat,67
home,67
hope,66
want,65
turned,64
word,64
done,64
give,63
present,63
asked,62
place,61
found,60
bitzer,59
seemed,59
moment,59
us,58
work,58
sure,57
something,57
thee,56
poor,56
round,56
sleary,55
among,55
name,55
brought,54
gone,54
girl,54
light,54
whether,54
mean,53
believe,53
find,53
ask,51
james,50
heart,50
sister,49
towards,49
set,48
thquire,48
part,48
voice,48
thomas,47
brother,47
known,47
bank,46
keep,46
years,45
world,45
gentleman,45
far,45
whole,44
friend,44
loo,44
coming,44
rather,44
men,43
soon,43
three,43
things,42
course,42
thing,42
black,42
eye,42
whelp,42
side,41
morning,41
everything,41
told,40
daughter,40
since,40
stopped,40
bad,40
hard,40
bed,40
question,40
jupe,39
enough,39
indeed,38
near,38
hour,38
fellow,38
street,38
together,38
kind,38
dog,37
dark,37
perhaps,37
best,36
call,36
general,36
state,36
cried,36
blackpool,36
speak,35
miss,35
called,35
alone,34
fire,34
wish,34
almost,34
end,34
however,34
quiet,34
passed,34
yo,33
pretty,33
answered,33
table,33
love,32
josiah,32
window,32
times,32
suppose,32
money,32
children,32
mother,32
short,32
country,31
kept,31
half,31
appeared,31
late,31
usual,31
arm,31
words,31
company,30
sometimes,30
observed,30
air,30
business,30
family,30
else,30
began,30
hair,30
walked,29
doubt,29
boy,29
often,29
taking,29
school,29
turn,29
leave,28
aw,28
ith,28
true,28
less,28
within,28
ha,28
interest,28
felt,28
till,28
wonder,28
understand,28
days,28
already,28
walk,28
child,27
rest,27
really,27
taken,27
trouble,27
year,27
foot,27
moved,27
ready,27
used,27
subject,27
fell,27
tears,27
making,27
repeated,27
wanted,27
chair,26
sense,26
thou,26
confidence,26
red,26
streets,26
reason,26
friends,26
matter,26
facts,26
corner,26
gave,26
water,26
figure,26
given,26
married,26
childers,25
along,25
stone,25
number,25
bring,25
means,25
heavy,25
low,25
wath,25
new,25
four,24
spoke,24
pity,24
honour,24
working,24
highly,24
born,24
use,24
care,24
held,24
hundred,24
yes,24
coom,24
white,24
wife,24
hold,23
letter,23
nature,23
person,23
standing,23
high,23
lay,23
read,23
lived,23
resumed,23
need,23
arms,23
mine,23
twenty,23
point,23
case,23
sort,23
therefore,22
wrong,22
object,22
raised,22
happy,22
next,22
son,22
tried,22
evening,22
ring,22
turning,22
behind,22
muddle,22
trust,22
considered,22
saying,21
open,21
small,21
age,21
sent,21
figures,21
smoke,21
character,21
live,21
ground,21
strong,21
horse,21
run,21
pursued,21
least,21
laid,21
getting,21
circumstances,20
legs,20
hat,20
cast,20
full,20
hours,20
try,20
five,20
received,20
husband,20
death,20
thinking,20
help,20
close,20
sake,20
fine,20
lodge,20
knows,20
women,20
pegler,20
thus,20
showed,19
altogether,19
worked,19
steps,19
walking,19
expression,19
also,19
knowing,19
slackbridge,19
mentioned,19
shaking,19
lost,19
wait,19
road,19
fall,19
common,19
bit,19
plain,19
ran,19
rose,19
waiting,19
fear,19
wind,18
ath,18
natural,18
breath,18
replied,18
lad,18
law,18
rain,18
comes,18
whatever,18
lips,18
answer,18
stop,18
human,18
show,18
practical,18
public,18
ought,18
shook,18
remarkable,18
marriage,17
truth,17
tone,17
unless,17
opened,17
return,17
early,17
broke,17
clear,17
silence,17
slowly,17
drew,17
seem,17
form,17
nose,17
sound,17
different,17
please,17
candle,17
occasion,17
assure,17
certain,17
position,17
perfectly,17
fallen,17
became,17
master,16
believed,16
sight,16
become,16
dead,16
remember,16
touch,16
heaven,16
step,16
effect,16
none,16
particularly,16
nobody,16
bear,16
minutes,16
expected,16
quick,16
happened,16
except,16
porter,16
possible,16
glad,16
lying,16
necessary,16
instead,16
stranger,15
power,15
consider,15
past,15
eminently,15
opinion,15
bent,15
order,15
cold,15
remained,15
breakfast,15
pray,15
gentlemen,15
station,15
moral,15
sitting,15
particular,15
cut,15
obliged,15
train,15
greater,15
knowledge,15
slight,15
free,15
forehead,15
reply,15
worse,15
added,15
attention,15
watching,15
closed,15
carried,15
hot,14
spoken,14
shawl,14
act,14
surprised,14
marry,14
sun,14
holding,14
usually,14
begin,14
real,14
seeing,14
shake,14
scarcely,14
whose,14
eyebrows,14
distance,14
understood,14
speaking,14
according,14
idea,14
body,14
several,14
creature,14
duty,14
oh,14
stand,14
grass,14
strange,14
fancy,14
wild,14
mouth,13
offer,13
troubled,13
smile,13
church,13
crying,13
ago,13
consideration,13
allow,13
shut,13
meant,13
fellows,13
strength,13
terms,13
chimneys,13
thy,13
change,13
message,13
trying,13
darkness,13
melancholy,13
neither,13
piece,13
stay,13
pardon,13
observation,13
afternoon,13
soul,13
neck,13
waited,13
safe,13
either,13
robbery,13
broken,13
pleasure,13
existence,13
easily,13
purpose,13
agreeable,13
favourite,13
presently,13
putting,13
account,13
passing,13
otherwise,13
although,13
beside,13
proud,13
outside,13
plainly,13
wall,13
sky,13
hurt,12
fro,12
possibly,12
inside,12
besides,12
bright,12
large,12
paper,12
curious,12
line,12
influence,12
society,12
length,12
letters,12
mere,12
worth,12
tea,12
certainly,12
staircase,12
silent,12
suspected,12
probably,12
showing,12
wished,12
cheerful,12
addressed,12
started,12
meet,12
cause,12
hith,12
thith,12
sorry,12
girls,12
grown,12
thoughts,12
shoulder,12
died,12
favour,12
talk,12
whispered,12
express,12
talking,12
giving,12
changed,12
glanced,12
earth,12
faces,12
afterwards,12
sum,12
horses,12
feel,12
conversation,12
nearer,12
view,12
education,12
lord,11
fit,11
service,11
feeling,11
o,11
floor,11
address,11
ways,11
slow,11
former,11
dare,11
honourable,11
attitude,11
leg,11
chance,11
forty,11
forth,11
iron,11
easy,11
mistake,11
retorted,11
hurried,11
impossible,11
thay,11
loose,11
bless,11
beyond,11
utmost,11
windlass,11
merrylegs,11
party,11
force,11
threw,11
seven,11
shame,11
deal,11
visit,11
living,11
pain,11
bottle,11
mystery,11
pleasant,11
agen,11
appearance,11
shadows,11
hearing,11
charge,11
glancing,11
bound,11
wide,11
followed,11
feet,11
fond,11
various,11
brick,11
lower,11
fast,11
bell,11
looks,11
afraid,11
thousands,11
respect,11
weather,11
glass,10
dozen,10
innocent,10
shadow,10
bottom,10
statements,10
ridiculous,10
thousand,10
observe,10
keeping,10
garden,10
stairs,10
gold,10
lass,10
straight,10
pound,10
continued,10
anxious,10
system,10
listened,10
aware,10
office,10
satisfied,10
devoted,10
honest,10
caught,10
journey,10
building,10
drink,10
wet,10
similar,10
beg,10
able,10
connected,10
precious,10
kissed,10
clothes,10
likely,10
arrived,10
features,10
principle,10
softly,10
voices,10
across,10
acquainted,10
pockets,10
coat,10
walls,10
ashes,10
circumstance,10
supposed,10
worthy,10
secret,10
yesterday,10
shape,10
forward,10
kindness,10
laugh,10
proposal,10
sofa,10
pride,10
hide,10
humility,10
leaves,10
discovery,10
quickly,10
greatest,10
dinner,10
wood,10
satisfaction,10
direction,10
expect,10
windows,10
roman,10
machinery,10
anywhere,10
bonnet,10
pleased,10
difficult,10
hidden,9
touched,9
fair,9
minute,9
allowed,9
square,9
training,9
land,9
condition,9
action,9
tabular,9
dress,9
jem,9
sea,9
pale,9
oils,9
odd,9
makes,9
singular,9
communication,9
kiss,9
colour,9
deadly,9
glance,9
thick,9
miserable,9
asking,9
appears,9
nod,9
shown,9
blind,9
steady,9
trained,9
excuse,9
nine,9
dread,9
lie,9
empty,9
pace,9
faith,9
uth,9
following,9
lights,9
dry,9
third,9
mistrust,9
visitor,9
reference,9
deeper,9
opportunity,9
dignity,9
mile,9
filled,9
merely,9
everybody,9
main,9
pair,9
considering,9
speech,9
quietly,9
forget,9
narrow,9
remain,9
deserted,9
extremely,9
forced,9
patient,9
remark,9
private,9
united,9
trembling,9
heer,9
noise,9
pit,9
sleep,9
kidderminster,9
mun,9
weak,9
afore,9
says,9
george,9
period,9
seems,9
ten,9
suddenly,9
art,9
anybody,9
meaning,9
patron,9
six,9
opening,9
happiness,9
second,8
extent,8
accident,8
desire,8
crowd,8
midst,8
wondering,8
loving,8
suspicion,8
quarter,8
addressing,8
laws,8
summer,8
around,8
handsome,8
watched,8
attentive,8
pass,8
beautiful,8
belief,8
reproach,8
persons,8
sell,8
spirits,8
ower,8
fresh,8
led,8
receive,8
thin,8
establishment,8
sufficiently,8
gentle,8
mills,8
shone,8
stage,8
places,8
triumph,8
break,8
tho,8
banker,8
astonished,8
appear,8
whenever,8
burst,8
asleep,8
notice,8
earnest,8
pounds,8
twelve,8
green,8
ceased,8
dreadful,8
learned,8
hurry,8
hell,8
occasions,8
fairy,8
unnatural,8
trees,8
portrait,8
partly,8
lives,8
required,8
rattling,8
bare,8
immense,8
immediately,8
roof,8
established,8
points,8
ears,8
nowt,8
settled,8
save,8
generally,8
mill,8
scadgers,8
canna,8
paid,8
accustomed,8
running,8
deep,8
sharp,8
comfort,8
harm,8
extraordinary,8
youth,8
contrary,8
breast,8
simple,8
cup,8
matters,8
hoped,8
others,8
loved,8
eight,8
fixed,8
hate,8
awlus,8
softened,8
shining,8
london,8
clock,8
watch,8
habit,8
finger,8
possessed,8
ear,8
heat,8
admiration,8
picture,8
coach,8
dropped,8
miles,8
hardly,8
shaft,8
myseln,8
relief,8
rising,8
wretched,8
political,8
moving,8
gradually,8
calculation,8
sit,8
sin,8
member,8
heavily,8
thethilia,8
tired,7
strike,7
example,7
evil,7
idle,7
rich,7
pocket,7
eighteen,7
disparity,7
rolling,7
falling,7
drunken,7
opposite,7
spare,7
pretence,7
engaged,7
ay,7
intended,7
missed,7
determined,7
compliment,7
leaning,7
seek,7
spring,7
considerable,7
faintly,7
ashamed,7
expressed,7
fifteen,7
books,7
waste,7
infinite,7
moments,7
thief,7
gradgrinds,7
placed,7
compassion,7
alwayth,7
worn,7
indifferent,7
somewhere,7
thirty,7
thed,7
lifted,7
strangers,7
gratitude,7
aid,7
retreat,7
bore,7
becoming,7
brothers,7
stick,7
cost,7
cap,7
write,7
familiar,7
brazen,7
hall,7
ends,7
cared,7
offence,7
fortune,7
everywhere,7
conviction,7
amount,7
dream,7
curtsey,7
loom,7
rope,7
missus,7
telling,7
appointed,7
wonderful,7
mad,7
exactly,7
claim,7
written,7
minds,7
smoking,7
parts,7
refuge,7
star,7
leaned,7
loud,7
somehow,7
teeth,7
finally,7
die,7
talked,7
sunday,7
basket,7
thank,7
interesting,7
shop,7
raising,7
distinctly,7
reading,7
sensible,7
brandy,7
difference,7
dust,7
meeting,7
proved,7
remembrance,7
bored,7
possession,7
single,7
prepared,7
strolled,7
surgeon,7
tearing,7
absurd,7
national,7
resolved,7
female,7
circus,7
dressed,7
struck,7
rise,7
god,7
parting,7
spite,7
catch,7
hearth,7
appearing,7
presence,7
advantage,7
post,7
factory,7
clown,7
arrival,7
week,7
blow,7
complain,7
difficulty,7
members,7
wrote,7
spoon,7
lodging,7
inclined,7
class,7
wooden,6
exclaimed,6
affairs,6
stirrup,6
result,6
met,6
vain,6
viii,6
previous,6
ease,6
emphasis,6
fok,6
constantly,6
uttered,6
exact,6
sign,6
pretend,6
conscious,6
pulled,6
nation,6
twilight,6
aside,6
note,6
wants,6
dirty,6
tight,6
social,6
vii,6
rapidly,6
risen,6
calculations,6
play,6
unequal,6
horthe,6
cry,6
sen,6
connexion,6
graceful,6
iii,6
rejoined,6
busy,6
baby,6
move,6
habitually,6
scene,6
travelled,6
rough,6
pause,6
english,6
vi,6
drawing,6
increased,6
chairs,6
accompanied,6
variety,6
ere,6
bread,6
reasonable,6
drawn,6
cow,6
independent,6
thanks,6
interested,6
feeble,6
presented,6
appeal,6
ended,6
birds,6
servant,6
flowers,6
anger,6
fifty,6
noble,6
finish,6
throw,6
poured,6
lot,6
onny,6
helped,6
mittens,6
unexpected,6
labour,6
justice,6
circle,6
incompatibility,6
nerves,6
nonsense,6
wicked,6
booth,6
ride,6
crossed,6
confess,6
consequences,6
distant,6
loss,6
lose,6
recognized,6
vast,6
yonder,6
landscape,6
recommend,6
curiosity,6
surprise,6
regular,6
entered,6
ix,6
iv,6
ii,6
unfortunate,6
wiser,6
performing,6
frightened,6
daily,6
soup,6
mak,6
grow,6
sooner,6
stretched,6
wake,6
railroad,6
numbers,6
bosom,6
comic,6
beginning,6
built,6
relation,6
raise,6
knock,6
acquaintance,6
laughing,6
parliament,6
names,6
announced,6
comfortable,6
request,6
instant,6
injured,6
material,6
domestic,6
works,6
classical,6
coriolanian,6
hath,6
blue,6
liberty,6
changes,6
straw,6
powler,6
aloud,6
writing,6
saturday,6
top,6
grandmother,6
news,6
fault,6
proposed,6
apart,6
substitute,6
goes,6
parliamentary,6
begun,6
lighted,6
encouraged,6
railway,6
robbed,6
spirit,6
model,6
violent,6
accepted,6
follow,6
awful,6
faint,6
v,6
story,6
hotel,6
nights,6
assumed,6
drooping,6
due,6
affectionate,6
vagabond,6
peace,6
impatient,6
larger,6
dearest,6
sufficient,6
rapid,6
promise,6
intention,6
stirring,6
book,6
sick,6
uncertain,5
explained,5
stern,5
colourless,5
positively,5
doors,5
insects,5
blew,5
score,5
played,5
opinions,5
waistcoat,5
mighty,5
tear,5
angry,5
virtue,5
consequently,5
troubles,5
remonstrated,5
turtle,5
bursting,5
neighbourhood,5
million,5
future,5
wanting,5
printed,5
schools,5
goosed,5
stony,5
ah,5
tremble,5
sobbing,5
depart,5
learn,5
stated,5
definition,5
mutht,5
weaver,5
knees,5
drunk,5
worthless,5
kissing,5
cigar,5
concealed,5
appropriate,5
custom,5
elsewhere,5
likewise,5
lane,5
send,5
occurred,5
pieces,5
tied,5
doubtful,5
perfect,5
gently,5
softening,5
rooms,5
blowing,5
lately,5
special,5
interview,5
chilled,5
shameful,5
observations,5
powers,5
latter,5
subjects,5
yielded,5
unable,5
families,5
property,5
humble,5
board,5
evidence,5
apartment,5
polite,5
grateful,5
brows,5
turns,5
pillow,5
retired,5
paused,5
candles,5
statistical,5
entirely,5
avoided,5
angel,5
offering,5
blame,5
wheels,5
sulky,5
learning,5
staring,5
inquire,5
strained,5
heated,5
thoughtful,5
fence,5
interposed,5
takes,5
mysterious,5
unlucky,5
clean,5
throwing,5
liked,5
dogth,5
signal,5
popular,5
rested,5
sounded,5
compassionate,5
danger,5
arches,5
drops,5
sought,5
front,5
upward,5
punish,5
hopeful,5
surface,5
indignation,5
graces,5
fantastic,5
calm,5
warm,5
afforded,5
sees,5
explain,5
fields,5
sorts,5
suggested,5
exception,5
bottles,5
bells,5
butter,5
thtand,5
deaf,5
haply,5
assented,5
separated,5
venison,5
assume,5
orator,5
tall,5
shoes,5
lunch,5
waiter,5
carry,5
sounds,5
shocked,5
trace,5
shot,5
bedside,5
stupid,5
silently,5
devilish,5
middle,5
aspect,5
application,5
chamber,5
audience,5
thall,5
print,5
bully,5
pains,5
pondering,5
scattered,5
courage,5
annual,5
solid,5
thowt,5
big,5
remembered,5
boys,5
directed,5
objects,5
reserved,5
lamp,5
burning,5
approached,5
lounging,5
throat,5
sparks,5
regularly,5
calling,5
confusion,5
superior,5
sorrow,5
equal,5
ill,5
brightened,5
muth,5
add,5
alive,5
proper,5
dangerous,5
whisper,5
bundle,5
entreat,5
limited,5
parted,5
infancy,5
expressive,5
excellent,5
hopeless,5
sober,5
cecilia,5
shutting,5
capacity,5
approach,5
wear,5
hast,5
stopping,5
incapable,5
departed,5
advanced,5
escape,5
permitted,5
nodded,5
faithful,5
tip,5
setting,5
younger,5
cool,5
stately,5
confounded,5
sacred,5
childhood,5
acquired,5
cleared,5
later,5
gulf,5
smiling,5
weel,5
delicate,5
gentleness,5
furniture,5
childerth,5
longer,5
roses,5
sentimental,5
harder,5
deeply,5
languidly,5
shade,5
somebody,5
wondered,5
health,5
forgive,5
thrown,5
pump,5
learnt,5
noodle,5
cheek,5
questions,5
complaint,5
shawls,5
impressed,5
happier,5
obstinate,5
seized,5
wishes,5
fur,5
sensation,5
leaving,5
unhappy,5
tak,5
attend,5
affections,5
respects,5
sentiment,5
centre,5
agreed,5
job,5
bending,5
mith,5
bringing,4
nigh,4
golden,4
holy,4
locked,4
wine,4
blushed,4
disturbed,4
xii,4
idly,4
spent,4
cupid,4
fail,4
scorn,4
suspense,4
babies,4
confusedly,4
pavement,4
slightly,4
jane,4
prevent,4
understanding,4
accomplished,4
ignorant,4
divided,4
spot,4
yielding,4
solitary,4
torn,4
relapsed,4
entering,4
possibility,4
modest,4
wandering,4
prospect,4
buried,4
knee,4
trembled,4
unkind,4
blinds,4
anyways,4
lanes,4
formed,4
situation,4
vague,4
noon,4
parties,4
sides,4
laying,4
joined,4
harry,4
experience,4
attendance,4
cunning,4
science,4
knocked,4
dismissed,4
disgraced,4
cackler,4
trade,4
begged,4
arose,4
guess,4
heads,4
grace,4
observatory,4
fireside,4
sunny,4
thon,4
devil,4
resting,4
pressed,4
necessity,4
unto,4
eager,4
suffering,4
occupy,4
morality,4
chap,4
results,4
gathered,4
carrying,4
lock,4
monny,4
greedy,4
false,4
device,4
mechanical,4
stuff,4
explosive,4
excessively,4
emma,4
recognition,4
nickits,4
basin,4
effected,4
ladder,4
band,4
render,4
respecting,4
grave,4
reserve,4
mitten,4
covering,4
wider,4
peep,4
gentler,4
physical,4
welcome,4
interval,4
dance,4
factories,4
brave,4
curse,4
hesitated,4
recollect,4
produce,4
crept,4
acknowledge,4
fires,4
happen,4
space,4
advantages,4
xi,4
directly,4
truly,4
committed,4
article,4
charged,4
thould,4
sixty,4
chop,4
testimony,4
yor,4
carpet,4
mild,4
stayed,4
knocking,4
bowed,4
grew,4
hardened,4
famous,4
x,4
forgotten,4
pack,4
belong,4
older,4
remaining,4
game,4
mathematical,4
abroad,4
properly,4
calculating,4
smiled,4
depth,4
friendly,4
stiff,4
jump,4
picked,4
hiding,4
charming,4
sentiments,4
instinctively,4
arithmetic,4
masters,4
attach,4
employed,4
gray,4
blustered,4
importance,4
bithnith,4
admit,4
shoulders,4
reflection,4
mistakes,4
distress,4
crushed,4
shed,4
hush,4
cradle,4
equally,4
north,4
courts,4
cruel,4
commons,4
wreck,4
peeping,4
meat,4
taught,4
mistress,4
ditch,4
tells,4
wearing,4
bar,4
ignorance,4
proceeded,4
ugly,4
failing,4
qualities,4
smoked,4
consciousness,4
dense,4
bold,4
floating,4
delivered,4
eldest,4
dim,4
refused,4
useful,4
pretences,4
effort,4
jail,4
deceive,4
nearly,4
josephine,4
pitch,4
bein,4
killed,4
correct,4
venture,4
spectacle,4
occupied,4
clung,4
performance,4
honesty,4
countenance,4
circuses,4
disappointment,4
mark,4
offered,4
struggling,4
disappointed,4
violence,4
wiping,4
affection,4
needful,4
creatures,4
misery,4
destination,4
sphere,4
blood,4
thinkin,4
infant,4
compound,4
association,4
pathetic,4
percentage,4
ages,4
serene,4
individual,4
tender,4
reverse,4
foreign,4
asserted,4
dropping,4
bill,4
decision,4
pen,4
hopes,4
excused,4
utterly,4
respectful,4
bachelor,4
extreme,4
apprenticed,4
fetch,4
native,4
stock,4
philosophy,4
multiplication,4
chief,4
whimpered,4
stepped,4
mention,4
cutting,4
vulgar,4
knuckled,4
explanation,4
loves,4
lover,4
beat,4
progress,4
forgot,4
curtain,4
homes,4
value,4
tumbled,4
watchful,4
defiant,4
judgment,4
italian,4
happens,4
jack,4
direct,4
hundreds,4
feelings,4
visible,4
sobered,4
ceremony,4
returning,4
washed,4
rang,4
relations,4
fixedly,4
laughed,4
reputation,4
blinking,4
mud,4
unaccountable,4
beer,4
esquire,4
shortly,4
submissive,4
amoong,4
descending,4
hung,4
steadily,4
stuck,4
bargain,4
ruined,4
whereas,4
proceedings,4
discharge,4
serious,4
row,4
impressive,4
contracted,4
disappeared,4
healthy,4
humour,4
memory,4
dismal,4
slightest,4
representations,4
branches,4
term,4
attracted,4
advice,4
attended,4
motion,4
oath,4
equestrian,4
regarding,4
events,4
actions,4
announcement,4
snore,4
reduced,4
provided,4
england,4
regard,4
grasp,4
fat,4
worst,4
multitude,4
observing,4
solitude,4
occasionally,4
inch,4
sighed,4
consequence,4
recovered,4
relieved,4
alike,4
sherry,4
forlorn,4
sold,4
reasons,4
regulated,4
starved,4
intervals,4
hurriedly,4
fluttering,4
heedless,4
associated,4
helping,4
vice,4
windy,4
drinking,4
tenderness,4
smaller,4
lightest,4
shaded,4
fed,4
fortunate,4
covered,4
related,4
attentively,4
feat,4
indignant,4
carriage,4
decent,4
improved,4
repetition,4
ringing,4
cross,4
cries,4
earnestly,4
searching,4
urged,4
protesting,4
conclusion,4
prethiouth,3
sinking,3
disturb,3
prize,3
ornamental,3
specially,3
fingers,3
music,3
absolute,3
drying,3
machine,3
disgrace,3
wing,3
dreamed,3
borne,3
assured,3
ate,3
needed,3
frowned,3
wisdom,3
tree,3
causing,3
shalt,3
departing,3
jocular,3
rosebuds,3
preserve,3
rolled,3
debt,3
lift,3
prostrate,3
severity,3
fairly,3
haggard,3
tune,3
stillness,3
disguise,3
birth,3
shaken,3
support,3
absolutely,3
looms,3
souls,3
models,3
fastened,3
whoever,3
choice,3
lazily,3
wherever,3
assent,3
stole,3
elephant,3
expectation,3
varieties,3
gordon,3
saving,3
proving,3
lurking,3
remarks,3
salt,3
resource,3
vision,3
suppressed,3
allowance,3
cheers,3
unmanageable,3
disperse,3
stationary,3
satisfactory,3
countenances,3
lofty,3
image,3
pull,3
agree,3
exhausted,3
backgammon,3
incomprehensible,3
remonstrance,3
thort,3
original,3
appointment,3
situated,3
whirled,3
contrast,3
goeth,3
doon,3
male,3
neglected,3
waved,3
refuse,3
cheerfulness,3
propose,3
agitated,3
darling,3
murmur,3
castle,3
murmured,3
rail,3
justly,3
immediate,3
livery,3
cover,3
degraded,3
overwhelmed,3
indifference,3
closely,3
river,3
barely,3
connection,3
load,3
sweetbread,3
shorter,3
knitting,3
contrition,3
listening,3
chorus,3
disorder,3
privately,3
benefit,3
inclination,3
suit,3
charmed,3
invalid,3
elements,3
scratch,3
existing,3
reclined,3
carelessly,3
race,3
thecond,3
powlers,3
coolness,3
purposes,3
intelligent,3
clasping,3
paler,3
counter,3
produced,3
meantime,3
degrees,3
whither,3
beneath,3
unprepared,3
stars,3
trusting,3
clearly,3
bred,3
wounded,3
brink,3
principal,3
victuals,3
remembrances,3
coals,3
lest,3
shuddered,3
underwent,3
daylight,3
avoid,3
passion,3
coldly,3
hearthrug,3
shrunk,3
ink,3
behold,3
repeat,3
monday,3
ghost,3
rule,3
doubts,3
noisy,3
chapel,3
monotonous,3
occasioned,3
neat,3
pursuit,3
wore,3
transparency,3
elbow,3
india,3
fanciful,3
lap,3
harmony,3
coffee,3
affected,3
bolted,3
sliding,3
shrubbery,3
thervant,3
implicated,3
happily,3
rejected,3
contents,3
genuine,3
forces,3
thundering,3
calculated,3
leisure,3
steam,3
condemned,3
gracious,3
descent,3
descend,3
wheel,3
confiding,3
wheer,3
humbly,3
gods,3
victim,3
nommore,3
disadvantage,3
beating,3
delighted,3
tumblers,3
accordingly,3
reality,3
steeple,3
perplexity,3
helpless,3
assistance,3
rarely,3
market,3
prove,3
chin,3
economy,3
sacrifice,3
lifting,3
genteel,3
thankful,3
eh,3
receiving,3
awlung,3
british,3
profess,3
size,3
monotonously,3
rugged,3
swelled,3
dispersed,3
proportion,3
seldom,3
ambling,3
colours,3
complexion,3
cares,3
informed,3
realities,3
sawdust,3
heels,3
awhile,3
tossing,3
specimen,3
ruled,3
passions,3
assembly,3
uneasy,3
innocence,3
placard,3
greatly,3
referred,3
stare,3
start,3
politeness,3
cabinets,3
evenings,3
religious,3
deficient,3
conscience,3
witnesses,3
inspired,3
requiring,3
injury,3
lowering,3
phrase,3
humbug,3
bustle,3
soom,3
reluctance,3
actually,3
absence,3
sweeping,3
restless,3
exasperated,3
surrounded,3
houses,3
base,3
cheering,3
mist,3
storm,3
boredom,3
swallowing,3
lip,3
experiences,3
performances,3
unreasonable,3
stunned,3
meanwhile,3
gloves,3
pictures,3
timidly,3
secrets,3
unfolded,3
likes,3
complied,3
described,3
damp,3
coarse,3
governor,3
guide,3
herein,3
grand,3
wings,3
donno,3
latht,3
rub,3
authority,3
dull,3
sifting,3
lords,3
cautiously,3
stragglers,3
cotton,3
draw,3
rigid,3
button,3
notwithstanding,3
poles,3
daybreak,3
remains,3
rendered,3
mode,3
thriving,3
attending,3
insensible,3
pitied,3
herseln,3
instance,3
thorns,3
nuisance,3
construction,3
brighter,3
improvident,3
ascended,3
tobacco,3
unconscious,3
key,3
career,3
mistaken,3
fate,3
sages,3
belonged,3
instinct,3
gain,3
stories,3
magnates,3
mercenary,3
westminster,3
determination,3
demand,3
boastfulness,3
haze,3
credit,3
schooling,3
demon,3
rights,3
climax,3
caused,3
frequent,3
ghastly,3
personal,3
weeks,3
combination,3
brightness,3
operatives,3
calmly,3
principles,3
content,3
tyrolean,3
immensely,3
hood,3
clattering,3
solemnly,3
begins,3
bitterness,3
spoiled,3
alarm,3
hunger,3
stepping,3
perceive,3
fluffy,3
decided,3
scrap,3
weary,3
height,3
prosperous,3
nurtured,3
weakly,3
claims,3
infinitely,3
regarded,3
woful,3
patience,3
thleary,3
wept,3
attached,3
handed,3
landlady,3
relieve,3
skin,3
fancies,3
sordid,3
involuntarily,3
wearily,3
box,3
quarrel,3
serpent,3
growing,3
arrive,3
nearest,3
persuasion,3
staying,3
inhabitants,3
careless,3
rock,3
elephants,3
emerged,3
musing,3
cough,3
advance,3
contented,3
fiery,3
answering,3
entreaty,3
especially,3
surprising,3
incredulous,3
consent,3
moodily,3
yield,3
seat,3
relative,3
capable,3
sudden,3
pay,3
companion,3
futurity,3
extensive,3
grim,3
snoring,3
expressing,3
arithmetical,3
manufacturer,3
distracted,3
wurtht,3
arranged,3
imagination,3
grasped,3
field,3
sunk,3
invariably,3
talks,3
expressions,3
newly,3
mothers,3
stoop,3
mule,3
recall,3
gravely,3
share,3
stir,3
suffer,3
habits,3
mental,3
engaging,3
childish,3
disposition,3
embraced,3
paint,3
assumption,3
beloved,3
smoothed,3
compliments,3
couch,3
disconcerted,3
depths,3
swelling,3
giant,3
ruin,3
resolve,3
feared,3
visiting,3
smallest,3
lightness,3
simply,3
throughout,3
pitman,3
encountered,3
thtood,3
discourse,3
aggregate,3
timid,3
signor,3
motionless,3
womanly,3
foolish,3
strongest,3
culprit,3
connecting,3
virtues,3
misplaced,3
steadfastly,3
implied,3
uncomfortable,3
knuckling,3
nests,3
assisted,3
exercise,3
named,3
betht,3
earnestness,3
arranging,3
closing,3
contempt,3
regions,3
waters,3
respectable,3
willing,3
blessed,3
warned,3
gazing,3
wholly,3
fourteen,3
thithter,3
mortal,3
reached,3
ancient,3
dreary,3
coughed,3
imaginative,3
labouring,3
supported,3
traitor,3
madam,3
pattern,3
difficulties,3
deliver,3
asunder,3
pouring,3
gaze,3
tense,3
respected,3
solely,3
tumbling,3
exceedingly,3
elapsed,3
success,3
admitted,3
soft,3
accessible,3
convey,3
discretion,3
crossing,3
inconsiderate,3
serviceable,3
buy,3
dresses,3
draught,3
stirred,3
assembled,3
whatsoever,3
rascals,3
performanth,3
stared,3
represented,3
path,3
rubbish,3
grief,3
entertained,3
gate,3
delicacy,3
enter,3
executed,3
prevented,3
independence,3
philosophical,3
kinder,3
classes,3
handkerchief,3
ragged,3
detained,3
report,3
twice,3
swept,3
improve,3
ropes,3
pinch,3
pyramid,3
suggest,3
humanity,3
dishonest,3
composure,3
intentions,3
existed,3
sustained,3
suspicions,3
flushed,3
remarked,3
remarkably,3
entertain,3
groups,3
noticeable,3
descended,3
swallowed,3
cases,3
tribunal,3
sheds,3
heern,3
birthday,3
inform,3
representation,3
acts,3
lonely,3
feature,3
opera,3
corners,3
farewell,3
commissioners,3
millions,3
sneezes,3
cooling,3
population,3
prosperity,3
sciences,3
falls,3
cheap,3
lighter,3
connections,3
obliging,3
professed,3
region,3
resentment,3
careful,3
driven,3
devoid,3
implements,3
reward,3
hint,3
oftener,3
moon,3
whence,3
ladies,3
thpeak,3
lastly,3
strictly,3
energy,3
cabinet,3
creeping,3
strongly,3
deserve,3
separate,3
applause,3
glimpse,3
homage,3
belonging,3
sons,3
rate,3
directions,3
proceed,3
flat,3
flag,3
perthon,3
commanded,3
court,3
algebra,3
chiefly,3
developed,3
instructions,3
weight,3
monotony,3
dine,3
sympathy,3
dint,3
regret,3
leading,3
uncommonly,3
treasures,3
suspicious,3
chairman,3
stands,3
inflexible,3
deserts,3
intelligence,3
dumb,3
finds,3
reside,3
boast,3
frozen,3
lodged,3
stimulated,3
esteemed,3
advise,3
restraint,3
speedily,3
condemnation,3
confront,3
shapes,3
hinted,3
litter,3
complimentary,3
youthful,3
conceivable,3
shutters,3
warning,3
allowing,3
issued,3
winds,3
chose,3
degree,3
chaste,3
sore,3
proof,3
interrupted,3
choose,3
profound,3
acknowledgment,3
hence,3
biting,3
unknown,3
gloomily,3
propriety,3
deny,3
pipe,3
chances,3
merits,3
withdrawn,3
liverpool,3
abandoned,3
encouragement,3
gets,3
collar,3
warming,3
gutter,3
undertaken,3
excessive,3
curtseyed,3
rare,3
polished,3
smoothing,3
foul,2
briskness,2
persisted,2
pulse,2
thunder,2
shocks,2
conversational,2
natures,2
divide,2
brings,2
hole,2
morally,2
pursue,2
misfortunes,2
unjust,2
caution,2
groaned,2
travel,2
damage,2
palaces,2
beauty,2
quips,2
keeps,2
affect,2
admirable,2
easier,2
scholar,2
whim,2
fortnight,2
misfortune,2
excepting,2
threatened,2
fugitive,2
lightened,2
visited,2
engagement,2
xiv,2
hetter,2
exultation,2
wholesome,2
eagerly,2
metallic,2
recommended,2
amusing,2
ambuscade,2
committing,2
looming,2
cooms,2
prig,2
unwholesome,2
theme,2
plate,2
relish,2
eyelids,2
respond,2
xvi,2
nobbody,2
letting,2
felony,2
defiance,2
demanded,2
pith,2
union,2
extraction,2
doth,2
employ,2
remembering,2
trusted,2
theeth,2
permit,2
supper,2
backhanded,2
irradiated,2
abashed,2
crown,2
captive,2
ruffled,2
inhuman,2
plucked,2
serpents,2
picking,2
substituted,2
losing,2
manufacturing,2
despair,2
despised,2
fabric,2
humbler,2
pest,2
passenger,2
roll,2
demonstrative,2
intent,2
puss,2
banners,2
indolent,2
blustering,2
fullest,2
settle,2
sigh,2
educate,2
celebrated,2
current,2
funeral,2
contemplate,2
dusty,2
studied,2
studies,2
carpets,2
prefer,2
undergone,2
imaginations,2
introducing,2
afford,2
refrain,2
bethpeak,2
improving,2
dye,2
thoughtfulness,2
yawning,2
thumb,2
attraction,2
reckoning,2
repaired,2
receipt,2
giddy,2
seriously,2
disguised,2
emotion,2
bits,2
lingering,2
depressed,2
coath,2
damned,2
illness,2
generation,2
sad,2
tastes,2
appellation,2
altered,2
syllable,2
average,2
drive,2
atlantic,2
merit,2
weapons,2
graceless,2
keenly,2
worried,2
liable,2
disparage,2
hastened,2
alarming,2
refreshed,2
affecting,2
gratefully,2
concentrated,2
majestically,2
parapet,2
thame,2
loudly,2
companionship,2
stretch,2
west,2
defined,2
demanding,2
newspaper,2
brow,2
wrappers,2
scadgerses,2
renunciation,2
costs,2
weekly,2
gestures,2
aweary,2
pervading,2
divine,2
refer,2
intimate,2
sprung,2
accumulated,2
gnashing,2
complete,2
gliding,2
ambassadress,2
fright,2
beaming,2
sanguine,2
disgraceful,2
regardless,2
gifts,2
brotherhood,2
tricks,2
mass,2
adam,2
reasoning,2
causes,2
soften,2
sane,2
nurse,2
indecision,2
mouldy,2
luck,2
dustmen,2
marriages,2
malt,2
resources,2
messages,2
accept,2
information,2
blotted,2
plane,2
pleaded,2
flutter,2
slackbridges,2
brim,2
signs,2
travelling,2
tyrants,2
thereof,2
shocking,2
graminivorous,2
attentions,2
imagine,2
exhibited,2
reversing,2
introduction,2
threatening,2
frock,2
submissively,2
beforehand,2
swiftly,2
interrupting,2
understands,2
barrel,2
blended,2
occupation,2
failed,2
dependent,2
beams,2
sleeve,2
delicately,2
potent,2
hardship,2
premises,2
packing,2
acted,2
community,2
hollow,2
growen,2
awake,2
painfully,2
agitation,2
virtually,2
yeth,2
horsebreaker,2
theer,2
readers,2
parents,2
couple,2
wives,2
quest,2
formal,2
twinkle,2
novelty,2
behave,2
relating,2
repair,2
reverence,2
link,2
posted,2
faded,2
consumed,2
raging,2
presided,2
energetic,2
oblige,2
meals,2
furthest,2
holes,2
menace,2
softer,2
broader,2
concerned,2
panting,2
wipe,2
wheat,2
apparatus,2
houthe,2
flowing,2
bird,2
misgiving,2
delivering,2
engage,2
defeat,2
desiring,2
assuring,2
charity,2
animals,2
retreated,2
process,2
rode,2
clogs,2
animal,2
preferring,2
varied,2
sitch,2
mute,2
dispose,2
innermost,2
ship,2
accounts,2
traces,2
witness,2
release,2
surely,2
craving,2
unmerited,2
stoppage,2
blown,2
straining,2
scent,2
painful,2
accompany,2
bother,2
devotion,2
resigned,2
medal,2
atmosphere,2
riding,2
succeeded,2
prohibition,2
listener,2
allusion,2
frame,2
packed,2
injustice,2
innocently,2
adjusted,2
outsides,2
steadiness,2
drank,2
gunpowder,2
nevermore,2
discoveries,2
concealing,2
pleasantly,2
adapted,2
clocks,2
stooped,2
propitiatory,2
schedule,2
count,2
smooth,2
triumphant,2
hearers,2
pits,2
compared,2
quantities,2
lamentations,2
veil,2
villainous,2
nursery,2
pointing,2
neighbours,2
messenger,2
plaintive,2
lecture,2
furrowed,2
officially,2
consisting,2
protection,2
obtained,2
total,2
reign,2
striving,2
quivering,2
flung,2
impassive,2
provide,2
disappoint,2
ordinary,2
bletht,2
complacent,2
hasty,2
greek,2
thet,2
vessels,2
amazement,2
footsteps,2
airs,2
airy,2
john,2
mercy,2
seated,2
contrasted,2
communing,2
acquire,2
coketowner,2
sooary,2
nostrils,2
briskly,2
enjoyed,2
guidance,2
blustrous,2
pursuing,2
haunted,2
accord,2
clues,2
matrimony,2
unhappily,2
engines,2
concerning,2
harboured,2
brightening,2
armoury,2
applied,2
pavements,2
confirmed,2
demonstration,2
crockery,2
springing,2
swell,2
hang,2
whereby,2
immaterial,2
impertinent,2
repose,2
conthider,2
passive,2
belongs,2
fearfully,2
lashes,2
eyeing,2
ungracious,2
purple,2
englishmen,2
months,2
profession,2
balanced,2
fight,2
darting,2
xiii,2
promised,2
prayer,2
dying,2
stake,2
unwilling,2
shrink,2
scores,2
bestowed,2
paces,2
governed,2
necessitated,2
matron,2
horseback,2
battle,2
dissatisfied,2
chaplain,2
terror,2
division,2
charles,2
economist,2
illustrations,2
supporting,2
plathe,2
roaring,2
impatiently,2
trial,2
homeward,2
matrimonial,2
wonderfully,2
slough,2
intently,2
metallurgical,2
hears,2
recalled,2
flourish,2
spurning,2
tending,2
introduce,2
wont,2
stooping,2
thirst,2
hastily,2
obligation,2
card,2
striking,2
xv,2
checked,2
correction,2
recover,2
price,2
plainer,2
garments,2
professional,2
discovered,2
namely,2
concern,2
thure,2
enabling,2
muttered,2
scrupulously,2
embrace,2
document,2
attributes,2
mentally,2
complained,2
charges,2
heaps,2
treatment,2
mournful,2
politely,2
execution,2
oblivion,2
fully,2
downward,2
apartments,2
duration,2
comparison,2
removing,2
groan,2
pitched,2
circulation,2
bucket,2
define,2
describe,2
administered,2
whistling,2
torches,2
pool,2
ridden,2
embracing,2
month,2
hearken,2
confidential,2
horror,2
coloured,2
minded,2
throbbing,2
locomotive,2
unheard,2
induce,2
emotions,2
recruits,2
tracks,2
trunk,2
amuthed,2
grundy,2
quickening,2
moistened,2
suffered,2
history,2
visage,2
derived,2
inconceivable,2
contrived,2
rabble,2
fool,2
groping,2
anticipated,2
desperately,2
trailed,2
barrels,2
jaws,2
jolly,2
fountain,2
dictatorial,2
dirt,2
toiling,2
ash,2
terrible,2
bridegroom,2
reflected,2
elder,2
kindly,2
affirmative,2
comrades,2
officers,2
dunnot,2
exploded,2
plunder,2
phenomenon,2
heavens,2
surveyed,2
retorts,2
pretending,2
sacrificed,2
alteration,2
purposeless,2
missing,2
abruptly,2
vault,2
manners,2
collected,2
uncompromising,2
composition,2
fulfilment,2
bearer,2
retirement,2
dearly,2
outright,2
fathers,2
savage,2
providence,2
crammed,2
lasts,2
pitchers,2
shine,2
handth,2
encircling,2
statistics,2
approvingly,2
himseln,2
objection,2
fears,2
acceptable,2
spectators,2
equitation,2
visits,2
practically,2
drifting,2
heath,2
neighbouring,2
sixpence,2
languid,2
betwixt,2
comforts,2
boots,2
languor,2
edifice,2
rotten,2
withdrawing,2
repel,2
felled,2
manage,2
singing,2
curtseying,2
yoong,2
escaped,2
promptitude,2
immoral,2
embellished,2
thunderstorm,2
scornfully,2
turfy,2
stout,2
pursuits,2
measure,2
separating,2
secretly,2
completely,2
powerful,2
quality,2
adopted,2
beard,2
feint,2
submitted,2
sultry,2
lightly,2
constrained,2
border,2
bestrode,2
lectures,2
awa,2
overmuch,2
brighten,2
employer,2
bluster,2
seizing,2
dejected,2
conduct,2
shrouded,2
horribly,2
thixth,2
horrible,2
tens,2
sole,2
interfere,2
limits,2
betrayed,2
tread,2
addition,2
bricked,2
senses,2
examined,2
speaker,2
discord,2
dost,2
clouded,2
intimated,2
disappearance,2
bottoms,2
page,2
library,2
broad,2
grinding,2
inflammation,2
industrious,2
tongue,2
persuaded,2
impatience,2
lagged,2
hoofs,2
eat,2
dismounting,2
universal,2
doggedly,2
secondly,2
astray,2
contained,2
gaslight,2
govern,2
deplorable,2
favoured,2
winder,2
saved,2
hatefully,2
niche,2
governing,2
dree,2
suitable,2
reckoned,2
drowned,2
gonnows,2
overhear,2
army,2
lungs,2
eternally,2
guise,2
amazing,2
aboard,2
crowding,2
purchase,2
idiosyncrasy,2
wickedness,2
differently,2
overcome,2
dawn,2
oppressors,2
reader,2
delegate,2
thieves,2
fictions,2
comforted,2
entertainer,2
entreaties,2
hayfield,2
peculiar,2
persuade,2
chest,2
assisting,2
solemn,2
discontent,2
folded,2
sugar,2
judged,2
insinuated,2
motto,2
exemplary,2
lanterns,2
particulars,2
commission,2
inattention,2
balance,2
splendour,2
cellarage,2
declaring,2
delight,2
supposing,2
drowsily,2
approbation,2
sentence,2
royal,2
grumbled,2
involuntary,2
discreet,2
unnecessary,2
elderly,2
amiable,2
strife,2
daytime,2
intellectual,2
complaints,2
refined,2
flying,2
feminine,2
stages,2
strengthening,2
covers,2
agreeing,2
apology,2
smock,2
disgusting,2
praised,2
marks,2
fancied,2
adviser,2
string,2
genelman,2
pious,2
noiseless,2
eating,2
availed,2
french,2
bruises,2
suggestion,2
croth,2
vagabonds,2
recreant,2
fly,2
crazy,2
council,2
rays,2
pure,2
mankind,2
police,2
yorkshire,2
coaching,2
mail,2
rattled,2
touching,2
ledy,2
prethent,2
monster,2
ajar,2
dwelling,2
placards,2
interchange,2
slept,2
sailing,2
wretch,2
frost,2
roused,2
rigidly,2
deportment,2
shoe,2
takin,2
hailed,2
neckerchief,2
salutation,2
ornament,2
parent,2
comprehend,2
educated,2
sobbed,2
forefinger,2
awakened,2
rubbing,2
deference,2
weave,2
stunted,2
astonishment,2
heavier,2
secrecy,2
widder,2
facing,2
knife,2
pretended,2
island,2
mixed,2
harness,2
jerusalem,2
downstairs,2
netting,2
powerless,2
selfish,2
retiring,2
repent,2
important,2
revolve,2
prudent,2
remote,2
tightened,2
starting,2
vile,2
bosoms,2
slung,2
reluctant,2
preserved,2
parcel,2
mythelf,2
preposterous,2
knitted,2
sweetly,2
movement,2
favourable,2
search,2
stretching,2
wiped,2
warmed,2
sulkily,2
dew,2
promess,2
bloom,2
reappeared,2
crowded,2
resentments,2
seeking,2
prejudices,2
encouraging,2
token,2
boisterous,2
repeating,2
hark,2
oil,2
flowed,2
backed,2
conducted,2
wither,2
wager,2
bullied,2
entreated,2
prodigious,2
gotten,2
polishing,2
treated,2
aged,2
fading,2
paths,2
deepening,2
rebels,2
carefully,2
irresolution,2
doubled,2
materially,2
mouthful,2
folding,2
sultan,2
smote,2
gay,2
denominations,2
fun,2
engrossed,2
wherein,2
development,2
craven,2
toil,2
irritably,2
openly,2
source,2
ridiculously,2
surging,2
abundantly,2
remarking,2
lightning,2
pet,2
thight,2
lounged,2
humbugs,2
assenting,2
lesson,2
invite,2
adjusting,2
expedition,2
thinks,2
brushing,2
desert,2
dispassionate,2
chaps,2
pleasing,2
arrange,2
severely,2
shock,2
rivers,2
doctrines,2
sins,2
sink,2
sing,2
composed,2
theriouth,2
blusterer,2
harvest,2
proportions,2
bones,2
daring,2
lame,2
bluff,2
minding,2
lines,2
linen,2
strive,2
disregard,2
barriers,2
sorrowful,2
south,2
finest,2
sadly,2
tidy,2
apparently,2
gravity,2
savages,2
gather,2
contemptuous,2
setten,2
pleasantest,2
catalogue,2
sheepishness,2
freely,2
glorious,2
travellers,2
recompense,2
tremendous,2
composedly,2
perplexed,2
assert,2
finished,2
tenderly,2
arisen,2
arrangements,2
decamped,2
nevertheless,2
overshadowed,2
barking,2
onward,2
bench,2
destroy,2
punctual,2
athk,2
heed,2
audible,2
decease,2
betook,2
host,2
hospitable,2
withdrew,2
introduced,2
faltering,2
esteem,2
voithe,2
extended,2
reminds,2
wise,2
glory,2
supreme,2
replying,2
deaths,2
pie,2
ahint,2
redder,2
claiming,2
goin,2
accidents,2
garters,2
feathers,2
mischievous,2
hospital,2
fainting,2
breathe,2
join,2
cheapest,2
inscription,2
estate,2
overheard,2
description,2
mouths,2
mess,2
hereupon,2
amid,2
expects,2
sickly,2
gloom,2
explode,2
driving,2
yourthelf,2
inspectors,2
magnificent,2
insisted,2
unbroken,2
reparation,2
ceiling,2
murder,2
serve,2
wardrobe,2
abated,2
ology,2
fashion,2
spade,2
thoroughly,2
sullenly,2
coin,2
misfortnet,2
entertaining,2
frying,2
chasm,2
countries,2
anxiously,2
thuppothe,2
farther,2
peroration,2
resist,2
temptation,2
smuggled,2
vexed,2
comical,2
schoolroom,2
uncommon,2
apprehension,2
toogether,2
tolerable,2
utilitarian,2
characters,2
ocean,2
thumbs,2
tolerably,2
pitiful,2
judge,2
burnt,2
offices,2
rustling,2
proudly,2
precautions,2
christmas,2
cork,2
coiled,2
rely,2
sunlight,2
fought,2
uncle,2
heap,2
removed,2
flavour,2
loitering,2
shined,2
despotism,2
constructed,2
willingly,2
investigations,2
papers,2
tie,2
vanished,2
eternity,2
faster,2
uncovered,2
impression,2
level,2
towd,2
injunction,2
comforting,2
shaksperean,2
escorted,2
hoarse,2
dissipated,2
stomachs,2
wrongs,2
laughter,2
disowned,2
furnished,2
midnight,2
platform,2
underneath,2
qualified,2
conquer,2
porters,2
ejaculation,2
catching,2
dispatched,2
butterflies,2
gusty,2
origin,2
district,2
whith,2
screwing,2
released,2
overjoyed,2
ideas,2
wandered,2
animation,2
tambourine,2
clearer,2
boiling,2
quantity,2
hustled,2
thomehow,2
crime,2
gulp,2
savoury,2
fainter,2
dutiful,2
contract,2
bricks,2
pole,2
stroking,2
blessing,2
guessed,2
shops,2
reminded,2
statue,2
bodies,2
desolate,2
connexions,2
kill,2
correcting,2
sternly,2
shunned,2
mood,2
freed,2
fables,2
communicate,2
baffled,2
subdued,2
tribe,2
nods,2
buds,2
disposed,2
illuminated,2
quadrupeds,2
wholesale,2
toiled,2
stumbled,2
jaded,2
calls,2
odds,2
ale,2
lining,2
subsided,2
infirmary,2
list,2
undone,2
design,2
hesitation,2
crust,2
brief,2
crush,2
attitudes,2
extremes,2
sticking,2
appliances,2
hurrah,2
wretches,2
pony,2
feebly,2
arise,2
influenced,2
desperation,2
simplicity,2
weaknesses,2
lighting,2
shady,2
departure,2
style,2
susceptible,2
resort,2
smoothness,2
bigger,2
repulsed,2
beneficent,2
slave,2
hill,2
induced,2
appearances,2
friday,2
tenderest,2
threat,2
feed,2
seeming,2
recreations,2
imperfect,2
convinced,2
shrewd,2
finding,2
puffing,2
reach,2
seasons,2
measured,2
institutions,2
furnaces,2
whistle,2
precaution,2
spirited,2
numerous,2
latin,2
mischeevous,2
bond,2
village,2
flight,2
latterly,2
expressly,2
bespoke,2
guilty,2
rid,2
ample,2
widely,2
higher,2
brooding,2
sagacious,2
solemnity,2
cheer,2
edge,2
grievance,2
endeavour,2
inference,2
tormented,2
incumbrance,2
distrust,2
essential,2
streaming,2
sprightly,2
fragments,2
cautious,2
mingled,2
upright,2
junior,2
tempered,2
characteristic,2
rally,2
rained,2
proofs,2
endurance,2
muddled,2
reproached,2
dragged,2
scroll,2
adjustment,2
stable,2
notes,2
dealt,2
folk,2
pushing,2
desired,2
nervous,2
distresses,2
forbid,2
messengers,2
improbable,2
weeping,2
bitterly,2
impress,2
unquestionably,2
cupboard,2
hazard,2
impulsive,2
coolly,2
strove,2
lounge,2
holiday,2
crash,2
negligent,2
impaired,2
articles,2
trimmed,2
bills,2
cling,2
despairing,2
disclose,2
hitherto,2
probation,2
noticed,2
doomed,2
objectionable,2
florid,2
ones,2
placidity,2
ogre,2
recoiled,2
closer,2
closet,2
genius,2
bought,2
commands,2
grounds,2
painted,2
unlike,2
wilt,2
gothic,2
propensity,2
units,2
rathcal,2
resentfully,2
coaches,2
supply,2
attractive,2
press,2
coincidence,2
feigned,2
lead,2
lean,2
instantaneous,2
leap,2
leader,2
schoolmasters,2
murdered,2
motive,2
universe,2
emperor,2
wilderness,2
owd,2
record,2
infants,2
boot,2
earthly,2
upwards,2
volumes,2
writings,1
woods,1
hanging,1
plaudits,1
treading,1
weighable,1
lore,1
shaving,1
aboove,1
stipulate,1
pigment,1
figs,1
simoom,1
yachting,1
coventry,1
succession,1
scrapes,1
elegant,1
sooth,1
consenting,1
tether,1
prosody,1
haughtily,1
inanimate,1
errors,1
increasing,1
inducement,1
chins,1
error,1
reported,1
china,1
shriek,1
chink,1
revengefully,1
substance,1
pretensions,1
deferring,1
transfixed,1
birthright,1
geography,1
precincts,1
shabbily,1
remnant,1
inevitable,1
wurth,1
females,1
successful,1
whirling,1
tying,1
portentous,1
blade,1
plunged,1
leaped,1
expressively,1
vanities,1
household,1
beautifully,1
forrard,1
sensualities,1
huthband,1
pigsty,1
chase,1
prentith,1
abstraction,1
thankfulness,1
destined,1
twined,1
entrusted,1
effective,1
endeavoured,1
baggage,1
nonsensical,1
sarcastically,1
soothingly,1
hithelf,1
wrought,1
fix,1
rescued,1
calmucks,1
fig,1
nobler,1
wales,1
hawthorn,1
grievous,1
enrich,1
slate,1
commemorate,1
educating,1
interrupt,1
sixteen,1
silver,1
troublous,1
dumps,1
poisonous,1
expectancy,1
burial,1
garment,1
solution,1
contracting,1
displeased,1
blinded,1
whip,1
balanthe,1
brutish,1
encourage,1
misfortuns,1
cheerfully,1
subsiding,1
managerial,1
grapes,1
sheet,1
estimate,1
alert,1
enormous,1
piecemeal,1
shipped,1
repealed,1
ardour,1
crowning,1
wast,1
millers,1
bitter,1
listen,1
task,1
icebergs,1
feelins,1
project,1
lightenings,1
acquisition,1
groaning,1
fevered,1
regretting,1
absorbed,1
disdainfully,1
transactions,1
venial,1
entry,1
professor,1
camp,1
consummate,1
scream,1
incomplete,1
meetings,1
tempter,1
loiterer,1
cheaply,1
quaint,1
bliss,1
mend,1
ludicrous,1
thomething,1
stammered,1
foremost,1
umbrageous,1
dipping,1
stunningly,1
adherence,1
reposed,1
deemed,1
unexpectedly,1
fain,1
nocturnal,1
lots,1
solicitude,1
stealthy,1
thervanth,1
counsel,1
extend,1
brown,1
askes,1
enlightenment,1
planned,1
lookin,1
hated,1
tinge,1
timider,1
mortified,1
honouring,1
blending,1
humming,1
parisht,1
fra,1
shouting,1
disgracefully,1
privilege,1
fry,1
exactness,1
chilt,1
regaled,1
dote,1
chill,1
gritty,1
rests,1
skirts,1
climbed,1
congratulation,1
anticipating,1
habeas,1
rebellion,1
swarthy,1
split,1
somethingological,1
bid,1
boiled,1
intrusion,1
bonny,1
echoes,1
absurdities,1
appropriately,1
sleepy,1
plight,1
succeeding,1
craning,1
dining,1
obedient,1
delinquents,1
east,1
inaptitude,1
rocket,1
indicative,1
bushy,1
articulated,1
timeth,1
repassing,1
thubject,1
remind,1
discordantly,1
animate,1
creep,1
wayth,1
foe,1
individuals,1
exposition,1
summoned,1
pinched,1
shakes,1
yoke,1
thuppothed,1
restlessness,1
benches,1
dyin,1
gauze,1
facility,1
nought,1
mocha,1
sop,1
beings,1
abjectly,1
avail,1
joseph,1
greatness,1
forming,1
extremity,1
devices,1
lays,1
juvenile,1
liberal,1
crumble,1
exist,1
posting,1
smelt,1
wheerever,1
imparting,1
circumstanced,1
irresistible,1
smell,1
hurled,1
transported,1
maimed,1
grinders,1
packets,1
push,1
conferred,1
shrieking,1
measurements,1
chain,1
gowd,1
jarring,1
quartered,1
reverting,1
oversight,1
jerk,1
gloomy,1
rapturous,1
fatigued,1
stays,1
unhallowed,1
inscribed,1
speculation,1
dismally,1
spiritual,1
occurrence,1
eyeglass,1
lengthened,1
chopping,1
speck,1
tartary,1
crashing,1
torpid,1
plucking,1
busily,1
momentous,1
passengers,1
ourseln,1
harneth,1
crumbled,1
logical,1
bloody,1
divulged,1
betraying,1
instal,1
cherishes,1
cherished,1
scope,1
scratched,1
marbles,1
apparent,1
enervated,1
riders,1
behalf,1
privy,1
inflamed,1
believes,1
believen,1
stature,1
detached,1
admired,1
locks,1
winter,1
undertook,1
laundry,1
misshapen,1
filthy,1
temperate,1
definitions,1
scents,1
footstep,1
professors,1
experiments,1
hedge,1
tendency,1
infirmities,1
suspension,1
petition,1
instantly,1
conveying,1
equipage,1
compelled,1
arriving,1
ketchup,1
matched,1
somehows,1
veins,1
whosoever,1
hourth,1
egod,1
canvas,1
abide,1
suggesting,1
disrespect,1
inwardly,1
complicated,1
flurried,1
patronage,1
dunno,1
delights,1
draggin,1
clause,1
ony,1
city,1
penitence,1
bite,1
shiver,1
folly,1
dutifully,1
bandages,1
jewels,1
suffrages,1
regards,1
borough,1
taks,1
instructed,1
surfaces,1
printer,1
knowingly,1
creditable,1
lawn,1
bade,1
guiltily,1
mince,1
heeding,1
imagined,1
cloak,1
betrothal,1
clawing,1
dispute,1
arterwards,1
infallibly,1
cursing,1
firedamp,1
prime,1
borrow,1
seabeach,1
worries,1
banged,1
audaciously,1
overflowed,1
impressions,1
diver,1
mutton,1
avails,1
representatives,1
goers,1
bureau,1
functionary,1
lettin,1
apparition,1
spartan,1
ascribed,1
menacing,1
droonken,1
huthky,1
inclining,1
ants,1
extinct,1
considers,1
boat,1
unconsciousness,1
vacation,1
practised,1
combined,1
enable,1
abject,1
consulted,1
bankrupts,1
invoking,1
conveyance,1
confidently,1
prevalence,1
pursy,1
regularity,1
leetsome,1
compatriots,1
preparatory,1
cramming,1
askin,1
maturely,1
advertisement,1
cheery,1
trains,1
morgiana,1
effects,1
summed,1
inaudible,1
preventing,1
vehemence,1
ghostly,1
starving,1
crusty,1
unerring,1
sums,1
traffic,1
tremulous,1
superiority,1
diving,1
dimensions,1
cavity,1
memories,1
nook,1
thpot,1
hilly,1
scientific,1
reposing,1
forgetfulness,1
philothophy,1
exasperating,1
unmannerly,1
slender,1
meal,1
unseasonable,1
practicable,1
shapely,1
braggart,1
flawed,1
addreth,1
accumulates,1
tropical,1
rumbled,1
endeavouring,1
hed,1
hangdog,1
bristled,1
secreted,1
juthtithe,1
rags,1
darker,1
vehicles,1
accents,1
stealing,1
watches,1
excusing,1
associating,1
steeping,1
tranquil,1
amused,1
beverage,1
accosted,1
homely,1
infirmity,1
vivacious,1
neuter,1
mask,1
dyed,1
consciences,1
birdcage,1
weariness,1
welfare,1
disciples,1
tail,1
chewing,1
unmeaning,1
paying,1
puzzled,1
floated,1
crestfallen,1
candid,1
revolving,1
alderney,1
accompanying,1
marvellous,1
cutlasses,1
sang,1
desertion,1
dusky,1
quicker,1
lecturing,1
denouncement,1
unbefitting,1
portentously,1
thultan,1
concluding,1
legend,1
murdering,1
reclaimed,1
strolling,1
apprised,1
wavering,1
fragrance,1
blaze,1
substances,1
alcove,1
corrected,1
objections,1
disquietude,1
thake,1
grope,1
prompt,1
meaner,1
disliked,1
nigher,1
bonded,1
respective,1
impulse,1
disconsolate,1
freshly,1
relinquished,1
telegraphic,1
plant,1
hauling,1
protestation,1
fundamental,1
incessantly,1
pang,1
uthe,1
minerals,1
symptoms,1
sauce,1
wry,1
colleague,1
entire,1
consign,1
snowball,1
stewed,1
reassured,1
likeness,1
coursed,1
assemblies,1
nauseous,1
truths,1
eloquence,1
upstairs,1
resolute,1
operation,1
obdurately,1
denoted,1
highway,1
nervously,1
dwelt,1
pitfalls,1
rises,1
retained,1
corrugated,1
gazed,1
slipped,1
recruiting,1
ethereal,1
luth,1
ironing,1
pledge,1
guest,1
cradles,1
bathely,1
warmly,1
relationship,1
truckle,1
ungrateful,1
vocal,1
fights,1
self,1
reliance,1
internal,1
analogy,1
knobs,1
ethcuthe,1
exulted,1
hardy,1
unused,1
plan,1
accepting,1
oyster,1
singled,1
seize,1
pipes,1
despise,1
thtickth,1
thleep,1
session,1
detaining,1
writes,1
undying,1
symptom,1
columns,1
ordained,1
bidden,1
surer,1
conthequenth,1
farthing,1
compass,1
tooches,1
banner,1
distraction,1
riven,1
carbines,1
growled,1
cease,1
approaching,1
sew,1
creator,1
thcolathtic,1
correspondent,1
sed,1
overboard,1
fertilization,1
rejecting,1
mutes,1
screeched,1
incident,1
prospects,1
tangible,1
leth,1
loaf,1
majesty,1
favouring,1
smashing,1
adjoining,1
adaptation,1
creeds,1
greedily,1
fathomless,1
adornments,1
convicted,1
rattle,1
contentedly,1
extravagant,1
intenthion,1
mildness,1
towns,1
formless,1
firs,1
presses,1
handling,1
walthed,1
caged,1
admire,1
mindin,1
owed,1
backing,1
owen,1
vow,1
exult,1
starlight,1
choking,1
consolations,1
shorten,1
elevated,1
rules,1
ugliness,1
forgiveness,1
failure,1
deformity,1
leaps,1
toother,1
infamous,1
leefer,1
expend,1
net,1
quickness,1
comprise,1
clasped,1
theen,1
rumbling,1
cuffs,1
dastard,1
admission,1
fitting,1
eern,1
pillars,1
victims,1
emergency,1
demands,1
misdoubt,1
mischance,1
detherving,1
baskets,1
shading,1
iscariot,1
imposed,1
thtage,1
communications,1
continue,1
tribes,1
regardful,1
limb,1
palm,1
momentary,1
thplendid,1
veterinary,1
religion,1
convulsions,1
fortnet,1
temple,1
inserting,1
performed,1
agreement,1
exaggerated,1
deserves,1
forgave,1
fitfully,1
garbage,1
plainest,1
conthent,1
chirping,1
arcade,1
primest,1
exposed,1
gases,1
bridesmaids,1
prowling,1
strives,1
considerably,1
inches,1
mitigate,1
coldest,1
inducements,1
collared,1
maturity,1
mature,1
genial,1
reconcile,1
oddity,1
surpassing,1
chat,1
surveying,1
declaimed,1
hail,1
stiffly,1
conjure,1
retrace,1
idleness,1
occasional,1
scraps,1
imploringly,1
changest,1
mealy,1
destinies,1
hesitating,1
lancashire,1
feud,1
summit,1
enrolled,1
scooped,1
illustrated,1
amiss,1
trampling,1
grasping,1
dislike,1
recitals,1
languished,1
manipulated,1
loitered,1
timely,1
whooping,1
damning,1
disordered,1
natur,1
staggering,1
unprofitably,1
twine,1
waning,1
oration,1
expresses,1
saveloys,1
lee,1
punch,1
allying,1
poverty,1
thath,1
involved,1
titanic,1
halfpenny,1
complying,1
mariners,1
dormouse,1
mortify,1
jothphine,1
mangy,1
forefathers,1
debauched,1
laboured,1
infamy,1
bodily,1
labourer,1
labelled,1
sharply,1
gladly,1
customer,1
balls,1
pour,1
weaker,1
slim,1
beckoned,1
bend,1
slip,1
trumpet,1
educational,1
tightrope,1
await,1
pigs,1
fits,1
marrow,1
hawk,1
acuteness,1
alloy,1
volunteers,1
counted,1
mistrustings,1
peck,1
operative,1
adders,1
decay,1
idealities,1
stokers,1
piecing,1
bat,1
accounth,1
sniffing,1
delightful,1
feth,1
scorch,1
glasses,1
tents,1
scanty,1
thirteen,1
jagged,1
differ,1
tenth,1
aspiring,1
etymology,1
favours,1
troop,1
embarrass,1
shortest,1
mainland,1
gallons,1
hurryin,1
staggered,1
owned,1
soothing,1
affliction,1
owner,1
blows,1
ordering,1
courted,1
grated,1
unoccupied,1
accompaniment,1
steel,1
inscriptions,1
extraordinarily,1
dissensions,1
steep,1
vengeful,1
rills,1
reassuring,1
dishes,1
whothe,1
thpit,1
babel,1
therewith,1
mechanism,1
astride,1
injunctions,1
warily,1
intimacies,1
thtirth,1
cipher,1
hypocrite,1
enlist,1
patricians,1
signally,1
trivial,1
jostling,1
conciliate,1
quickened,1
jar,1
stumbling,1
planted,1
tape,1
secretaries,1
handle,1
gobbling,1
intervening,1
strengthened,1
coils,1
wire,1
fugleman,1
piston,1
keynote,1
ld,1
ecthpenthive,1
workbox,1
whereon,1
drum,1
invited,1
lo,1
quitted,1
evasively,1
indict,1
whispering,1
rougher,1
lies,1
shudder,1
lambent,1
dodgeth,1
hottest,1
deeps,1
disdain,1
reiteration,1
site,1
hardware,1
tenor,1
sits,1
impervious,1
inquest,1
waspish,1
maligned,1
romance,1
matther,1
lengthening,1
outbreak,1
glaring,1
covenant,1
balm,1
gauging,1
bald,1
overcast,1
unceasingly,1
command,1
negligence,1
flesh,1
broomstick,1
generous,1
clergyman,1
spinner,1
combine,1
crack,1
scoundrel,1
neckcloth,1
innocents,1
government,1
fairies,1
whispers,1
goings,1
tick,1
descendant,1
inexperienced,1
indications,1
portly,1
sinews,1
championship,1
flush,1
literally,1
extricating,1
hoarded,1
pressure,1
posterity,1
imaginary,1
adversary,1
gained,1
iris,1
puts,1
grayer,1
whistled,1
stuccoed,1
sublimest,1
insufficient,1
concession,1
diabolical,1
flower,1
alliance,1
unfavourable,1
miscarried,1
sharpness,1
helpmates,1
roads,1
unfavourably,1
crooked,1
afoot,1
prepossessing,1
spots,1
startled,1
specimens,1
naturally,1
disengaged,1
theemth,1
lowered,1
grate,1
tossed,1
chained,1
official,1
excitement,1
detestably,1
cordial,1
plunderer,1
inn,1
erring,1
plundered,1
eastern,1
details,1
incorrigible,1
cockcrow,1
vein,1
inspiration,1
radiantly,1
unspeakable,1
desirable,1
controversial,1
mansion,1
integrity,1
unanimity,1
sped,1
affair,1
forelegth,1
distort,1
shoot,1
succumbing,1
dithtanthe,1
knowest,1
sneakingly,1
fondly,1
genies,1
thides,1
horn,1
machines,1
meekly,1
irrevocably,1
consequent,1
irrevocable,1
notions,1
crimsoned,1
items,1
study,1
pinning,1
cogent,1
calculators,1
doleful,1
glittering,1
wonderingly,1
nauseate,1
plot,1
bundled,1
fractions,1
complicity,1
continual,1
adamant,1
handkerchiefs,1
eclipse,1
refusing,1
theories,1
era,1
clinging,1
indicated,1
agony,1
resignation,1
indubitable,1
fever,1
earlier,1
movable,1
customs,1
retort,1
greet,1
haste,1
devote,1
muffin,1
japan,1
patronized,1
defrauded,1
bespeak,1
fragment,1
jerking,1
penetration,1
dingy,1
hurdle,1
ologies,1
voyages,1
impede,1
mangled,1
misanthropical,1
hooked,1
raffled,1
remorse,1
ingenuousness,1
barrier,1
standard,1
amiably,1
licker,1
recovering,1
caprice,1
licked,1
truthfulness,1
vibrated,1
synonymous,1
fawt,1
thoughtfully,1
liefer,1
dogs,1
beautifullest,1
binds,1
guilt,1
enchanted,1
stalls,1
impelled,1
eels,1
luxury,1
tombstone,1
completed,1
circles,1
timidity,1
exercised,1
imported,1
ological,1
inferred,1
swamp,1
nurthery,1
aunt,1
voting,1
beginth,1
serenely,1
subtle,1
latent,1
alluded,1
de,1
frowning,1
happiest,1
blundered,1
cleanly,1
runs,1
beginnin,1
stead,1
rung,1
implication,1
secretary,1
miserably,1
observer,1
depends,1
flashed,1
draws,1
overgrown,1
tainted,1
props,1
caves,1
slugs,1
unfold,1
essentially,1
cot,1
bray,1
misunderstand,1
receiver,1
groans,1
highwayman,1
collecting,1
seizure,1
tons,1
infirm,1
dawdled,1
petty,1
themseln,1
belongth,1
dozens,1
warmth,1
duties,1
relaxing,1
ahead,1
publicly,1
superciliously,1
aim,1
abrupt,1
crueller,1
palings,1
hebrew,1
exile,1
perform,1
monarch,1
unconcern,1
blamed,1
prescribed,1
taint,1
mingle,1
fearful,1
hills,1
compeers,1
occupants,1
evidences,1
exalt,1
shout,1
profounder,1
caps,1
rustle,1
cooled,1
odours,1
productions,1
constables,1
congratulate,1
unavoidable,1
misled,1
honoured,1
denied,1
participation,1
hare,1
athamed,1
deferential,1
newmarket,1
mutters,1
unwinking,1
dines,1
impenetrable,1
newspapers,1
horizon,1
scantier,1
wasting,1
sparing,1
formidable,1
wan,1
wax,1
dewy,1
uncheered,1
snowy,1
sundry,1
vitality,1
absent,1
responding,1
invincible,1
crystal,1
anew,1
unusually,1
prayed,1
hisses,1
howling,1
wintry,1
healthiest,1
tracked,1
beds,1
reception,1
bolus,1
recess,1
thinth,1
toothpick,1
drunkards,1
kith,1
aristocratic,1
screen,1
jogged,1
seemingly,1
unformed,1
perceived,1
fragile,1
pauperism,1
pauperise,1
upper,1
temples,1
discover,1
avowing,1
shared,1
explosion,1
muslin,1
lustrous,1
anoother,1
lastin,1
locomotion,1
chesterfield,1
lighthouses,1
companionth,1
puffed,1
capacious,1
illumination,1
squelching,1
prompting,1
foreknowledge,1
angels,1
credulity,1
towers,1
repentance,1
envelope,1
abasing,1
defeats,1
car,1
cat,1
hardest,1
woefully,1
dubiously,1
spy,1
chit,1
detaching,1
hearn,1
overleaped,1
restitution,1
fortunately,1
varnished,1
product,1
sedately,1
averted,1
listlessness,1
indifferently,1
wanderings,1
acrimony,1
serving,1
consulting,1
freckled,1
culmination,1
curls,1
vicinity,1
lyin,1
dreadfully,1
showered,1
unaccommodating,1
honeymoon,1
fling,1
romulus,1
halo,1
drop,1
vinous,1
bursts,1
vexation,1
em,1
irony,1
rational,1
shows,1
inevitably,1
axioms,1
tangled,1
invitation,1
promotion,1
omitted,1
comprised,1
drove,1
breed,1
victorious,1
replete,1
thpread,1
larks,1
pomp,1
clamouring,1
obstinately,1
vacated,1
jothkin,1
hammocks,1
soiled,1
coketowners,1
prefers,1
sublime,1
troublesome,1
veteran,1
terrific,1
termth,1
neatly,1
balderdash,1
america,1
brutus,1
tooth,1
slaves,1
clearing,1
filing,1
startle,1
german,1
gratified,1
fifth,1
sinks,1
ratio,1
stair,1
stained,1
stain,1
shrill,1
untrodden,1
cannon,1
routine,1
whiles,1
loath,1
fortifications,1
bracelets,1
assuagements,1
sorrowfully,1
druggist,1
physically,1
unmarried,1
unfit,1
corroboration,1
fascinated,1
nicest,1
justified,1
unbending,1
hurts,1
impromptu,1
yorick,1
sleeps,1
nile,1
reluctantly,1
theeking,1
despond,1
thkylarking,1
madness,1
forearmed,1
dispatch,1
wreaths,1
moreover,1
zigzagged,1
punished,1
piethe,1
informer,1
sisterhood,1
exhaustion,1
disclosed,1
wounds,1
observers,1
crumb,1
accommodating,1
keepth,1
notoriety,1
scum,1
forbear,1
misanthrope,1
anxieties,1
bias,1
sucking,1
smiting,1
develop,1
gravel,1
inquiry,1
angered,1
contortions,1
thunderbolt,1
edifying,1
blacker,1
tradition,1
severe,1
unpossibility,1
entertainments,1
awmost,1
armour,1
dancers,1
valuable,1
uncoiled,1
speed,1
dawned,1
advithe,1
propped,1
hover,1
frown,1
repetitions,1
culprits,1
using,1
recipient,1
superfluous,1
smouldered,1
undistinguishable,1
servile,1
astronomer,1
perverse,1
unclasped,1
recorded,1
recorder,1
credith,1
thound,1
boldly,1
supervised,1
invested,1
commodious,1
indieth,1
shrinking,1
